week,criminal_damage,week_as_week
2010-01-03,61,2009 W53
2010-01-10,62,2010 W01
2010-01-17,63,2010 W02
2010-01-24,56,2010 W03
2010-01-31,54,2010 W04
2010-02-07,48,2010 W05
2010-02-14,58,2010 W06
2010-02-21,93,2010 W07
2010-02-28,70,2010 W08
2010-03-07,63,2010 W09
2010-03-14,84,2010 W10
2010-03-21,90,2010 W11
2010-03-28,71,2010 W12
2010-04-04,67,2010 W13
2010-04-11,85,2010 W14
2010-04-18,73,2010 W15
2010-04-25,56,2010 W16
2010-05-02,73,2010 W17
2010-05-09,84,2010 W18
2010-05-16,75,2010 W19
2010-05-23,82,2010 W20
2010-05-30,82,2010 W21
2010-06-06,82,2010 W22
2010-06-13,78,2010 W23
2010-06-20,74,2010 W24
2010-06-27,101,2010 W25
2010-07-04,101,2010 W26
2010-07-11,67,2010 W27
2010-07-18,91,2010 W28
2010-07-25,91,2010 W29
2010-08-01,83,2010 W30
2010-08-08,73,2010 W31
2010-08-15,62,2010 W32
2010-08-22,111,2010 W33
2010-08-29,78,2010 W34
2010-09-05,82,2010 W35
2010-09-12,81,2010 W36
2010-09-19,103,2010 W37
2010-09-26,65,2010 W38
2010-10-03,60,2010 W39
2010-10-10,70,2010 W40
2010-10-17,70,2010 W41
2010-10-24,78,2010 W42
2010-10-31,81,2010 W43
2010-11-07,73,2010 W44
2010-11-14,73,2010 W45
2010-11-21,68,2010 W46
2010-11-28,67,2010 W47
2010-12-05,49,2010 W48
2010-12-12,46,2010 W49
2010-12-19,59,2010 W50
2010-12-26,84,2010 W51
2011-01-02,61,2010 W52
2011-01-09,51,2011 W01
2011-01-16,80,2011 W02
2011-01-23,60,2011 W03
2011-01-30,48,2011 W04
2011-02-06,52,2011 W05
2011-02-13,51,2011 W06
2011-02-20,59,2011 W07
2011-02-27,67,2011 W08
2011-03-06,68,2011 W09
2011-03-13,72,2011 W10
2011-03-20,61,2011 W11
2011-03-27,80,2011 W12
2011-04-03,100,2011 W13
2011-04-10,80,2011 W14
2011-04-17,75,2011 W15
2011-04-24,69,2011 W16
2011-05-01,88,2011 W17
2011-05-08,76,2011 W18
2011-05-15,75,2011 W19
2011-05-22,58,2011 W20
2011-05-29,85,2011 W21
2011-06-05,87,2011 W22
2011-06-12,88,2011 W23
2011-06-19,62,2011 W24
2011-06-26,80,2011 W25
2011-07-03,83,2011 W26
2011-07-10,80,2011 W27
2011-07-17,94,2011 W28
2011-07-24,101,2011 W29
2011-07-31,75,2011 W30
2011-08-07,81,2011 W31
2011-08-14,64,2011 W32
2011-08-21,67,2011 W33
2011-08-28,76,2011 W34
2011-09-04,61,2011 W35
2011-09-11,77,2011 W36
2011-09-18,65,2011 W37
2011-09-25,68,2011 W38
2011-10-02,76,2011 W39
2011-10-09,61,2011 W40
2011-10-16,64,2011 W41
2011-10-23,67,2011 W42
2011-10-30,72,2011 W43
2011-11-06,71,2011 W44
2011-11-13,64,2011 W45
2011-11-20,58,2011 W46
2011-11-27,75,2011 W47
2011-12-04,45,2011 W48
2011-12-11,57,2011 W49
2011-12-18,59,2011 W50
2011-12-25,57,2011 W51
2012-01-01,67,2011 W52
2012-01-08,58,2012 W01
2012-01-15,69,2012 W02
2012-01-22,64,2012 W03
2012-01-29,52,2012 W04
2012-02-05,54,2012 W05
2012-02-12,48,2012 W06
2012-02-19,63,2012 W07
2012-02-26,68,2012 W08
2012-03-04,62,2012 W09
2012-03-11,67,2012 W10
2012-03-18,101,2012 W11
2012-03-25,66,2012 W12
2012-04-01,57,2012 W13
2012-04-08,68,2012 W14
2012-04-15,62,2012 W15
2012-04-22,83,2012 W16
2012-04-29,95,2012 W17
2012-05-06,61,2012 W18
2012-05-13,68,2012 W19
2012-05-20,69,2012 W20
2012-05-27,69,2012 W21
2012-06-03,74,2012 W22
2012-06-10,69,2012 W23
2012-06-17,60,2012 W24
2012-06-24,69,2012 W25
2012-07-01,73,2012 W26
2012-07-08,55,2012 W27
2012-07-15,87,2012 W28
2012-07-22,51,2012 W29
2012-07-29,66,2012 W30
2012-08-05,64,2012 W31
2012-08-12,77,2012 W32
2012-08-19,57,2012 W33
2012-08-26,60,2012 W34
2012-09-02,59,2012 W35
2012-09-09,59,2012 W36
2012-09-16,44,2012 W37
2012-09-23,76,2012 W38
2012-09-30,64,2012 W39
2012-10-07,86,2012 W40
2012-10-14,72,2012 W41
2012-10-21,66,2012 W42
2012-10-28,58,2012 W43
2012-11-04,56,2012 W44
2012-11-11,61,2012 W45
2012-11-18,62,2012 W46
2012-11-25,56,2012 W47
2012-12-02,52,2012 W48
2012-12-09,64,2012 W49
2012-12-16,73,2012 W50
2012-12-23,44,2012 W51
2012-12-30,63,2012 W52
2013-01-06,57,2013 W01
2013-01-13,45,2013 W02
2013-01-20,37,2013 W03
2013-01-27,58,2013 W04
2013-02-03,39,2013 W05
2013-02-10,57,2013 W06
2013-02-17,50,2013 W07
2013-02-24,56,2013 W08
2013-03-03,65,2013 W09
2013-03-10,45,2013 W10
2013-03-17,66,2013 W11
2013-03-24,60,2013 W12
2013-03-31,70,2013 W13
2013-04-07,70,2013 W14
2013-04-14,62,2013 W15
2013-04-21,48,2013 W16
2013-04-28,58,2013 W17
2013-05-05,45,2013 W18
2013-05-12,55,2013 W19
2013-05-19,71,2013 W20
2013-05-26,63,2013 W21
2013-06-02,74,2013 W22
2013-06-09,61,2013 W23
2013-06-16,73,2013 W24
2013-06-23,63,2013 W25
2013-06-30,75,2013 W26
2013-07-07,61,2013 W27
2013-07-14,69,2013 W28
2013-07-21,82,2013 W29
2013-07-28,70,2013 W30
2013-08-04,73,2013 W31
2013-08-11,74,2013 W32
2013-08-18,77,2013 W33
2013-08-25,84,2013 W34
2013-09-01,60,2013 W35
2013-09-08,61,2013 W36
2013-09-15,75,2013 W37
2013-09-22,73,2013 W38
2013-09-29,55,2013 W39
2013-10-06,64,2013 W40
2013-10-13,73,2013 W41
2013-10-20,64,2013 W42
2013-10-27,74,2013 W43
2013-11-03,56,2013 W44
2013-11-10,48,2013 W45
2013-11-17,65,2013 W46
2013-11-24,57,2013 W47
2013-12-01,50,2013 W48
2013-12-08,43,2013 W49
2013-12-15,75,2013 W50
2013-12-22,47,2013 W51
2013-12-29,68,2013 W52
2014-01-05,53,2014 W01
2014-01-12,58,2014 W02
2014-01-19,52,2014 W03
2014-01-26,52,2014 W04
2014-02-02,42,2014 W05
2014-02-09,45,2014 W06
2014-02-16,60,2014 W07
2014-02-23,45,2014 W08
2014-03-02,48,2014 W09
2014-03-09,57,2014 W10
2014-03-16,76,2014 W11
2014-03-23,60,2014 W12
2014-03-30,64,2014 W13
2014-04-06,45,2014 W14
2014-04-13,73,2014 W15
2014-04-20,72,2014 W16
2014-04-27,76,2014 W17
2014-05-04,89,2014 W18
2014-05-11,69,2014 W19
2014-05-18,62,2014 W20
2014-05-25,75,2014 W21
2014-06-01,61,2014 W22
2014-06-08,80,2014 W23
2014-06-15,73,2014 W24
2014-06-22,76,2014 W25
2014-06-29,84,2014 W26
2014-07-06,58,2014 W27
2014-07-13,75,2014 W28
2014-07-20,84,2014 W29
2014-07-27,73,2014 W30
2014-08-03,78,2014 W31
2014-08-10,89,2014 W32
2014-08-17,72,2014 W33
2014-08-24,60,2014 W34
2014-08-31,52,2014 W35
2014-09-07,59,2014 W36
2014-09-14,71,2014 W37
2014-09-21,68,2014 W38
2014-09-28,45,2014 W39
2014-10-05,56,2014 W40
2014-10-12,71,2014 W41
2014-10-19,65,2014 W42
2014-10-26,61,2014 W43
2014-11-02,61,2014 W44
2014-11-09,62,2014 W45
2014-11-16,50,2014 W46
2014-11-23,55,2014 W47
2014-11-30,39,2014 W48
2014-12-07,39,2014 W49
2014-12-14,52,2014 W50
2014-12-21,63,2014 W51
2014-12-28,76,2014 W52
2015-01-04,43,2015 W01
2015-01-11,49,2015 W02
2015-01-18,80,2015 W03
2015-01-25,55,2015 W04
2015-02-01,66,2015 W05
2015-02-08,48,2015 W06
2015-02-15,26,2015 W07
2015-02-22,36,2015 W08
2015-03-01,48,2015 W09
2015-03-08,49,2015 W10
2015-03-15,92,2015 W11
2015-03-22,50,2015 W12
2015-03-29,44,2015 W13
2015-04-05,59,2015 W14
2015-04-12,58,2015 W15
2015-04-19,61,2015 W16
2015-04-26,68,2015 W17
2015-05-03,75,2015 W18
2015-05-10,72,2015 W19
2015-05-17,79,2015 W20
2015-05-24,68,2015 W21
2015-05-31,71,2015 W22
2015-06-07,81,2015 W23
2015-06-14,70,2015 W24
2015-06-21,71,2015 W25
2015-06-28,73,2015 W26
2015-07-05,72,2015 W27
2015-07-12,72,2015 W28
2015-07-19,79,2015 W29
2015-07-26,93,2015 W30
2015-08-02,64,2015 W31
2015-08-09,47,2015 W32
2015-08-16,59,2015 W33
2015-08-23,52,2015 W34
2015-08-30,63,2015 W35
2015-09-06,54,2015 W36
2015-09-13,72,2015 W37
2015-09-20,74,2015 W38
2015-09-27,73,2015 W39
2015-10-04,64,2015 W40
2015-10-11,49,2015 W41
2015-10-18,76,2015 W42
2015-10-25,62,2015 W43
2015-11-01,66,2015 W44
2015-11-08,57,2015 W45
2015-11-15,53,2015 W46
2015-11-22,79,2015 W47
2015-11-29,50,2015 W48
2015-12-06,80,2015 W49
2015-12-13,71,2015 W50
2015-12-20,40,2015 W51
2015-12-27,72,2015 W52
2016-01-03,65,2015 W53
2016-01-10,63,2016 W01
2016-01-17,48,2016 W02
2016-01-24,62,2016 W03
2016-01-31,69,2016 W04
2016-02-07,44,2016 W05
2016-02-14,63,2016 W06
2016-02-21,79,2016 W07
2016-02-28,77,2016 W08
2016-03-06,68,2016 W09
2016-03-13,67,2016 W10
2016-03-20,79,2016 W11
2016-03-27,67,2016 W12
2016-04-03,72,2016 W13
2016-04-10,64,2016 W14
2016-04-17,72,2016 W15
2016-04-24,68,2016 W16
2016-05-01,70,2016 W17
2016-05-08,68,2016 W18
2016-05-15,79,2016 W19
2016-05-22,84,2016 W20
2016-05-29,79,2016 W21
2016-06-05,71,2016 W22
2016-06-12,67,2016 W23
2016-06-19,74,2016 W24
2016-06-26,104,2016 W25
2016-07-03,74,2016 W26
2016-07-10,87,2016 W27
2016-07-17,83,2016 W28
2016-07-24,61,2016 W29
2016-07-31,74,2016 W30
2016-08-07,69,2016 W31
2016-08-14,82,2016 W32
2016-08-21,79,2016 W33
2016-08-28,64,2016 W34
2016-09-04,61,2016 W35
2016-09-11,63,2016 W36
2016-09-18,75,2016 W37
2016-09-25,72,2016 W38
2016-10-02,80,2016 W39
2016-10-09,77,2016 W40
2016-10-16,86,2016 W41
2016-10-23,55,2016 W42
2016-10-30,62,2016 W43
2016-11-06,69,2016 W44
2016-11-13,45,2016 W45
2016-11-20,82,2016 W46
2016-11-27,72,2016 W47
2016-12-04,79,2016 W48
2016-12-11,67,2016 W49
2016-12-18,66,2016 W50
2016-12-25,73,2016 W51
2017-01-01,66,2016 W52
2017-01-08,56,2017 W01
2017-01-15,77,2017 W02
2017-01-22,61,2017 W03
2017-01-29,69,2017 W04
2017-02-05,57,2017 W05
2017-02-12,68,2017 W06
2017-02-19,70,2017 W07
2017-02-26,55,2017 W08
2017-03-05,57,2017 W09
2017-03-12,51,2017 W10
2017-03-19,73,2017 W11
2017-03-26,68,2017 W12
2017-04-02,69,2017 W13
2017-04-09,65,2017 W14
2017-04-16,63,2017 W15
2017-04-23,55,2017 W16
2017-04-30,74,2017 W17
2017-05-07,88,2017 W18
2017-05-14,74,2017 W19
2017-05-21,66,2017 W20
2017-05-28,71,2017 W21
2017-06-04,63,2017 W22
2017-06-11,74,2017 W23
2017-06-18,76,2017 W24
2017-06-25,69,2017 W25
2017-07-02,81,2017 W26
2017-07-09,77,2017 W27
2017-07-16,82,2017 W28
2017-07-23,83,2017 W29
2017-07-30,77,2017 W30
2017-08-06,75,2017 W31
2017-08-13,85,2017 W32
2017-08-20,61,2017 W33
2017-08-27,58,2017 W34
2017-09-03,62,2017 W35
2017-09-10,55,2017 W36
2017-09-17,69,2017 W37
2017-09-24,66,2017 W38
2017-10-01,72,2017 W39
2017-10-08,57,2017 W40
2017-10-15,59,2017 W41
2017-10-22,102,2017 W42
2017-10-29,63,2017 W43
2017-11-05,60,2017 W44
2017-11-12,29,2017 W45
2017-11-19,52,2017 W46
2017-11-26,67,2017 W47
2017-12-03,50,2017 W48
2017-12-10,44,2017 W49
2017-12-17,71,2017 W50
2017-12-24,50,2017 W51
2017-12-31,80,2017 W52
2018-01-07,46,2018 W01
2018-01-14,63,2018 W02
2018-01-21,77,2018 W03
2018-01-28,48,2018 W04
2018-02-04,49,2018 W05
2018-02-11,58,2018 W06
2018-02-18,58,2018 W07
2018-02-25,53,2018 W08
2018-03-04,57,2018 W09
2018-03-11,58,2018 W10
2018-03-18,46,2018 W11
2018-03-25,52,2018 W12
2018-04-01,57,2018 W13
2018-04-08,84,2018 W14
2018-04-15,75,2018 W15
2018-04-22,76,2018 W16
2018-04-29,62,2018 W17
2018-05-06,70,2018 W18
2018-05-13,70,2018 W19
2018-05-20,75,2018 W20
2018-05-27,69,2018 W21
2018-06-03,67,2018 W22
2018-06-10,75,2018 W23
2018-06-17,50,2018 W24
2018-06-24,68,2018 W25
2018-07-01,77,2018 W26
2018-07-08,86,2018 W27
2018-07-15,64,2018 W28
2018-07-22,66,2018 W29
2018-07-29,80,2018 W30
2018-08-05,68,2018 W31
2018-08-12,69,2018 W32
2018-08-19,58,2018 W33
2018-08-26,70,2018 W34
2018-09-02,72,2018 W35
2018-09-09,65,2018 W36
2018-09-16,63,2018 W37
2018-09-23,53,2018 W38
2018-09-30,72,2018 W39
2018-10-07,50,2018 W40
2018-10-14,59,2018 W41
2018-10-21,75,2018 W42
2018-10-28,60,2018 W43
2018-11-04,72,2018 W44
2018-11-11,48,2018 W45
2018-11-18,60,2018 W46
2018-11-25,65,2018 W47
2018-12-02,63,2018 W48
2018-12-09,52,2018 W49
2018-12-16,65,2018 W50
2018-12-23,49,2018 W51
2018-12-30,70,2018 W52
2019-01-06,57,2019 W01
2019-01-13,55,2019 W02
2019-01-20,50,2019 W03
2019-01-27,53,2019 W04
2019-02-03,58,2019 W05
2019-02-10,44,2019 W06
2019-02-17,44,2019 W07
2019-02-24,48,2019 W08
2019-03-03,65,2019 W09
2019-03-10,56,2019 W10
2019-03-17,46,2019 W11
2019-03-24,70,2019 W12
2019-03-31,55,2019 W13
2019-04-07,74,2019 W14
2019-04-14,47,2019 W15
2019-04-21,67,2019 W16
2019-04-28,61,2019 W17
2019-05-05,57,2019 W18
2019-05-12,85,2019 W19
2019-05-19,82,2019 W20
2019-05-26,83,2019 W21
2019-06-02,70,2019 W22
2019-06-09,91,2019 W23
2019-06-16,78,2019 W24
2019-06-23,66,2019 W25
2019-06-30,75,2019 W26
2019-07-07,84,2019 W27
2019-07-14,76,2019 W28
2019-07-21,61,2019 W29
2019-07-28,78,2019 W30
2019-08-04,61,2019 W31
2019-08-11,64,2019 W32
2019-08-18,71,2019 W33
2019-08-25,64,2019 W34
2019-09-01,48,2019 W35
2019-09-08,54,2019 W36
2019-09-15,49,2019 W37
2019-09-22,65,2019 W38
2019-09-29,70,2019 W39
2019-10-06,56,2019 W40
2019-10-13,67,2019 W41
2019-10-20,61,2019 W42
2019-10-27,64,2019 W43
2019-11-03,54,2019 W44
2019-11-10,56,2019 W45
2019-11-17,51,2019 W46
2019-11-24,69,2019 W47
2019-12-01,44,2019 W48
2019-12-08,48,2019 W49
2019-12-15,55,2019 W50
2019-12-22,59,2019 W51
